<?xml version="1.0" encoding="utf-8"?>
<install version="1.5" type="plugin" group="search">
	<name>Search - GCalendar</name>
	<author>G4J Project</author>
	<creationDate>Sep 2010</creationDate>
	<copyright>This module is released under the GNU/GPL License.
	</copyright>
	<license>http://www.gnu.org/copyleft/gpl.html
		GNU/GPL</license>
	<authorEmail>info@g4j.laoneo.net
	</authorEmail>
	<authorUrl>g4j.laoneo.net</authorUrl>
	<version>2.2.6</version>
	<description>Allows Searching of events in the calendars
		specified in the GCalendar component.</description>
	<files>
		<filename plugin="gcalendar">gcalendar.php</filename>
	</files>
	<params addpath="/administrator/components/com_gcalendar/elements">
		<param name="calendarids" type="gcalendar" default=""
			label="Select Calendars"
			description="The calendars, if none is selected it searches in all calendars." />
		<param name="search_limit" type="text" size="5" default="50"
			label="Search Limit" description="Number of Search items to return" />
		<param name="pastevents" type="radio" default="1" label="Include Past Events"
			description="If past event should be included into the search result.">
			<option value="0">No</option>
			<option value="1">Yes</option>
		</param>
	</params>
</install>