<?xml version="1.0" ?>
<joomfish type="contentelement">
	<name>GCalendar</name>
	<author>Allon Moritz</author>
	<version>2.2.7</version>
	<description>Definition for Google calendar Component
	</description>
	<reference>
		<table name="gcalendar">
			<field type="referenceid" name="id" translate="0">ID</field>
			<field type="text" name="calendar_id" translate="1">Calendar
				ID</field>
			<field type="titletext" name="name" translate="1">Name</field>
			<field type="text" name="magic_cookie" translate="1">Magic
				Cookie</field>
			<field type="text" name="color" translate="1">Color
			</field>
		</table>
	</reference>
</joomfish>
